Match Type,White Balls Matched,Powerball Matched,Odds,Probability (%)
Jackpot,5,1,1 in 292,201,338,0.00000034
$1 Million,5,0,1 in 11,688,053,0.0000086
$50,000,4,1,1 in 913,129,0.00011
$100,4,0,1 in 36,525,0.0027
$100,3,1,1 in 14,494,0.0069
$7,3,0,1 in 579,0.17
$7,2,1,1 in 701,0.14
$4,1,1,1 in 92,1.09
$4,0,1,1 in 38,2.63
